character,total,20-100_count,20-100_pct,30-100_count,30-100_pct,40-80_count,40-80_pct,30-120_count,30-120_pct,40-100_count,40-100_pct,20-150_count,20-150_pct
A,5520,4576,82.89855072463767,4361,79.0036231884058,3700,67.02898550724638,4532,82.10144927536231,4290,77.71739130434783,4835,87.59057971014492
B,5624,4428,78.73399715504978,4216,74.96443812233285,3113,55.352062588904694,4513,80.24537695590327,4152,73.82645803698435,4837,86.00640113798008
C,5608,4698,83.77318116975749,4351,77.58559201141226,3201,57.07917261055635,4437,79.11911554921541,3388,60.41369472182596,4842,86.34094151212554
D,5705,4637,81.27957931638913,4440,77.82646801051709,3656,64.08413672217354,4659,81.66520595968449,4250,74.4960560911481,4911,86.08238387379492
E,5694,4355,76.48401826484019,4150,72.88373726729891,2750,48.296452406041446,4574,80.33017211099403,4055,71.21531436599929,5004,87.88198103266596
F,5662,4743,83.76898622394914,4562,80.57223595902508,3917,69.18050158954433,4712,83.22147651006712,4436,78.34687389614977,4985,88.04309431296362
G,5667,4337,76.53079230633492,4140,73.05452620434092,3224,56.89077113110993,4432,78.20716428445385,3993,70.46056114346216,4794,84.59502382212811
H,5563,4497,80.83767751213374,4305,77.3863023548445,3679,66.13338126909942,4521,81.2690994067949,4248,76.36167535502427,4778,85.88890886212475
I,5691,4660,81.88367597961694,4463,78.42206993498506,3757,66.01651730803022,4644,81.60253031101739,4371,76.8054823405377,4918,86.41714988578457
J,5604,4687,83.6366880799429,4478,79.90720913633119,3784,67.5231977159172,4601,82.1020699500357,4143,73.92933618843684,4878,87.04496788008565
K,5493,4329,78.80939377389404,4173,75.96941561987984,3317,60.38594574913526,4370,79.55579828873111,4109,74.80429637720735,4635,84.3801201529219
L,5443,4491,82.50964541613081,4219,77.51240124931104,3018,55.44736358625758,4265,78.35752342458203,3153,57.92761344846592,4586,84.25500643027742
M,5045,3958,78.45391476709614,3805,75.42120911793855,3055,60.555004955401394,3973,78.75123885034688,3732,73.97423191278494,4278,84.79682854311199
N,5567,4465,80.2047781569966,4375,78.58810849649721,3764,67.61271780132925,4469,80.27663014190767,4171,74.92365726603197,4652,83.56385845158972
O,5417,4469,82.49953848993908,4333,79.98892375853794,3337,61.60236293151191,4419,81.57651836810042,3648,67.34354808934835,4612,85.13937603839764
P,4819,3958,82.13322266030296,3838,79.64307947706993,3231,67.0471052085495,3933,81.61444283046275,3566,73.99875492840839,4110,85.28740402573149
Q,5484,4396,80.16046681254558,4247,77.44347191830781,3296,60.10211524434719,4443,81.01750547045951,4152,75.71115973741794,4657,84.9197665937272
R,5531,4516,81.64888808533719,4370,79.00922075574037,3593,64.9611281865847,4495,81.26920990779244,4247,76.78539143012114,4715,85.24679081540408
S,5589,4632,82.87707997852925,4460,79.79960636965467,3632,64.98479155483986,4534,81.12363571300769,3853,68.93898729647522,4749,84.97047772410092
T,5630,4651,82.61101243339255,4570,81.17229129662522,3929,69.78685612788632,4629,82.2202486678508,4064,72.1847246891652,4762,84.58259325044405
U,5657,4705,83.17129220434859,4546,80.36061516704967,3372,59.60756584762241,4593,81.19144422838961,3525,62.312179600494964,4797,84.79759589888633
V,5618,4612,82.09327162691349,4357,77.55428978284087,3118,55.500177999288006,4414,78.5688857244571,3188,56.746173015307946,4710,83.8376646493414
W,5574,4483,80.42698241837101,4401,78.95586652314317,3597,64.53175457481163,4558,81.77251524937208,4300,77.14388231072839,4696,84.24829565841407
X,5506,4573,83.0548492553578,4516,82.0196149654922,3820,69.37885942608064,4563,82.87322920450417,4087,74.22811478387213,4665,84.72575372321104
Y,5552,4643,83.62752161383285,4529,81.5742074927954,3818,68.76801152737752,4633,83.44740634005764,4333,78.04394812680115,4788,86.23919308357348
Z,5528,4563,82.54341534008684,4412,79.81186685962373,3589,64.92402315484804,4481,81.06005788712012,3880,70.18813314037627,4675,84.56946454413892
a,5287,4218,79.78059390958956,3992,75.50595801021373,3323,62.85227917533574,4085,77.26498959712502,3639,68.82920370720636,4420,83.60128617363344
b,5386,4314,80.09654660230227,4155,77.14444857036762,3519,65.33605644262904,4278,79.42814704790196,3830,71.11028592647605,4567,84.79391013739324
c,5436,4333,79.7093451066961,3950,72.66372332597498,2435,44.79396615158204,4092,75.27593818984548,2588,47.60853568800589,4565,83.97718910963944
d,5422,4397,81.09553670232387,4220,77.83105864994468,3622,66.80191811139801,4353,80.28402803393581,3991,73.60752489856142,4602,84.8764293618591
e,5371,4385,81.64215229938559,4229,78.73766523924782,3339,62.16719419102588,4338,80.7670824799851,3616,67.32452057345,4536,84.45354682554459
f,5378,4336,80.62476757158795,4191,77.92859799181852,3579,66.54890293789512,4277,79.52770546671624,3919,72.87095574563035,4520,84.04611379695054
g,5304,4243,79.99622926093515,4008,75.56561085972851,3397,64.04600301659124,4176,78.73303167420815,3823,72.07767722473605,4491,84.67194570135746
h,5377,4359,81.06750976380881,4242,78.8915752278222,3512,65.3152315417519,4296,79.89585270596987,3692,68.66282313557745,4474,83.20624883764181
i,5333,4307,80.76129758109883,4113,77.12357022313896,3262,61.16632289518095,4294,80.51753234577161,3962,74.29214325895369,4575,85.78661166322895
j,5316,4288,80.66215199398043,4114,77.38901429646351,3481,65.48156508653122,4321,81.28291948833709,3977,74.81188863807374,4571,85.9857035364936
k,5413,4520,83.50267873637539,4374,80.8054683170146,3863,71.3652318492518,4455,82.3018658784408,4240,78.3299464252725,4652,85.94125254018104
l,5426,4521,83.32104681164762,4298,79.21120530777736,3485,64.22779211205307,4348,80.13269443420567,3663,67.50829340213785,4598,84.74014006634721
m,5623,3825,68.02418637737863,3600,64.02276364929753,2478,44.06900231193313,3985,70.86964253956963,3523,62.653387871243105,4580,81.45118264271741
n,5550,4162,74.990990990991,4023,72.48648648648648,3321,59.83783783783784,4269,76.91891891891892,3663,66.0,4580,82.52252252252252
o,5560,4228,76.0431654676259,4053,72.89568345323741,3129,56.276978417266186,4258,76.58273381294964,3524,63.381294964028775,4593,82.60791366906474
p,5853,4402,75.20929437895096,4253,72.66359132069024,3450,58.94413121476166,4565,77.99419101315564,4081,69.72492738766445,4941,84.41824705279343
q,5636,3986,70.72391767210789,3843,68.18665720369056,3125,55.44712562100781,4161,73.82895670688431,3724,66.07523066004258,4524,80.26969481902059
r,5608,4207,75.01783166904423,4080,72.75320970042796,3174,56.59771754636233,4250,75.78459343794579,3571,63.67689015691869,4542,80.99144079885878
s,4759,3557,74.74259298171884,3455,72.59928556419416,2748,57.74322336625342,3663,76.96995167051902,3120,65.55999159487287,3891,81.76087413322126
t,5709,4206,73.67314766158697,4093,71.69381678052198,3363,58.906988964792426,4321,75.68751094762656,3906,68.41828691539675,4620,80.92485549132948
u,5533,4069,73.54057473341767,3975,71.84167720947045,3168,57.25646123260437,4194,75.7997469727092,3629,65.58828845111151,4517,81.6374480390385
v,5594,4347,77.70825884876653,4096,73.2213085448695,3073,54.93385770468359,4268,76.29603146228101,3392,60.63639613872006,4656,83.23203432248837
w,5492,3983,72.523670793882,3874,70.53896576839038,3210,58.44865258557902,4125,75.10924981791696,3762,68.49963583394027,4464,81.28186453022577
x,5464,4055,74.21303074670571,3945,72.19985358711567,3251,59.49853587115667,4171,76.33601756954612,3665,67.07540263543191,4492,82.2108345534407
y,5689,4744,83.38899630866584,4532,79.66250659166813,3828,67.28774828616628,4644,81.6312181402707,4274,75.12743891720865,4911,86.32448584988575
z,5606,4753,84.7841598287549,4529,80.78844095611845,3698,65.96503745986443,4589,81.85872279700321,3917,69.87156617909382,4851,86.53228683553336
